メーカー,商品名,区分,買取単価,買取先
CANON,ｶｰﾄﾘｯｼﾞ056,純正,200,兵庫
CANON,ｶｰﾄﾘｯｼﾞ057H,純正,200,兵庫
CANON,ｶｰﾄﾘｯｼﾞ041H,純正,200,兵庫
CANON,ｶｰﾄﾘｯｼﾞ070,純正,100,兵庫
CANON,ｶｰﾄﾘｯｼﾞ070H,純正,200,兵庫
CANON,ｶｰﾄﾘｯｼﾞ509,純正,100,兵庫
CANON,ｶｰﾄﾘｯｼﾞ527,純正,200,兵庫
CANON,ｶｰﾄﾘｯｼﾞ533,純正,200,兵庫
CANON,ｶｰﾄﾘｯｼﾞ533H,純正,200,兵庫
CANON,ｶｰﾄﾘｯｼﾞ042,純正,200,兵庫
CANON,ｶｰﾄﾘｯｼﾞ062,純正,200,兵庫
CANON,ｶｰﾄﾘｯｼﾞ335e各色,純正,200,兵庫
CANON,ｶｰﾄﾘｯｼﾞ335各色,純正,200,兵庫
CANON,ｶｰﾄﾘｯｼﾞ059各色,純正,200,兵庫
CANON,ｶｰﾄﾘｯｼﾞ069H,純正,200,兵庫
CANON,ｶｰﾄﾘｯｼﾞ059H各色,純正,200,兵庫
CANON,ｶｰﾄﾘｯｼﾞ077L,純正,200,兵庫
CANON,ｶｰﾄﾘｯｼﾞ077,純正,200,兵庫
EPSON,LPC3T37/38/39各色,純正,200,兵庫
EPSON,LPB3T26/27,純正,300,兵庫
EPSON,LPB3T28/29,純正,300,兵庫
EPSON,LPB3T31/32/33/34,純正,300,兵庫
NEC,PR-L9160C-11～14,純正,200,兵庫
NEC,PR-L9160C-16～19,純正,200,兵庫
NEC,PR-L9560C-11～14,純正,200,兵庫
NEC,PR-L9560C-16～19,純正,200,兵庫
NEC,PR-L5350-11,純正,100,兵庫
NEC,PR-L5350-12,純正,100,兵庫
NEC,PR-L8600-12※ｽﾀｰﾀｰ可,純正,200,兵庫
NEC,PR-L8700-11※ｽﾀｰﾀｰ可,純正,200,兵庫
NEC,PR-L8700-12※ｽﾀｰﾀｰ可,純正,200,兵庫
NEC,PR-L3M550-11※ｽﾀｰﾀｰ可,純正,100,兵庫
NEC,PR-L3M550-12※ｽﾀｰﾀｰ可,純正,100,兵庫
OKI,TC-M3A1/A2,純正,400,兵庫
RICOH,ﾄﾅｰP6500/6500H,純正,400,兵庫
RICOH,SP3400/3400H,純正,100,兵庫
RICOH,SP3700/3700H,純正,100,兵庫
富士ﾌｲﾙﾑ,CT203211～14各色,純正,200,兵庫
富士ﾌｲﾙﾑ,CT203215～18各色,純正,200,兵庫
富士ﾌｲﾙﾑ,CT203203～6各色,純正,200,兵庫
富士ﾌｲﾙﾑ,CT203207～10各色,純正,200,兵庫
富士ﾌｲﾙﾑ,CT203090※ｽﾀｰﾀｰ可,純正,100,兵庫
富士ﾌｲﾙﾑ,CT203091※ｽﾀｰﾀｰ可,純正,100,兵庫
富士ﾌｲﾙﾑ,CT203092※ｽﾀｰﾀｰ可,純正,100,兵庫
富士ﾌｲﾙﾑ,CT203923,純正,100,兵庫
富士ﾌｲﾙﾑ,CT203924,純正,100,兵庫
富士ﾌｲﾙﾑ,CT203925,純正,100,兵庫
富士通,LB322B※ｽﾀｰﾀｰ可,純正,200,兵庫
富士通,LB323,純正,300,兵庫
brother,TN-29J,純正,100,兵庫
brother,DR-24J,純正,100,兵庫
brother,TN32JXL/XXL,純正,100,兵庫
brother,DR32J,純正,100,兵庫
brother,TN299/299XL/299XXL,純正,200,兵庫
富士通,LB322B,不問,100,大阪
富士通,LB323,不問,100,大阪
EPSON,LPB3T31/32/33/34,不問,100,大阪
EPSON,LPC4T24/25/26,不問,100,大阪
NEC,PR-L8600-12,不問,100,大阪
NEC,PR-L8700-11,不問,100,大阪
NEC,PR-L8700-12,不問,100,大阪
NEC,PR-L3M530-12,不問,300,大阪
NEC,PR-L3M550-11,不問,300,大阪
NEC,PR-L3M550-12,不問,300,大阪
富士ﾌｲﾙﾑ,CT203090,不問,100,大阪
富士ﾌｲﾙﾑ,CT203091,不問,100,大阪
富士ﾌｲﾙﾑ,CT203092,不問,100,大阪
富士ﾌｲﾙﾑ,CT203923,不問,300,大阪
富士ﾌｲﾙﾑ,CT203924,不問,300,大阪
富士ﾌｲﾙﾑ,CT203925,不問,300,大阪
RICOH,ｲﾏｼﾞｵ　ﾀｲﾌﾟ28,不問,100,大阪
RICOH,P　C300H各色,不問,100,大阪
RICOH,P6500/6500H,不問,300,大阪
RICOH,C200/C310各色,不問,100,大阪
RICOH,2300H,不問,100,大阪
RICOH,3400L/H,不問,100,大阪
RICOH,3700/3700H,不問,100,大阪
CANON,ｶｰﾄﾘｯｼﾞ062,不問,100,大阪
CANON,ｶｰﾄﾘｯｼﾞ056,不問,100,大阪
CANON,ｶｰﾄﾘｯｼﾞW,不問,100,大阪
CANON,ｶｰﾄﾘｯｼﾞ515Ⅱ,不問,100,大阪
CANON,ｶｰﾄﾘｯｼﾞ041H,不問,100,大阪
CANON,ｶｰﾄﾘｯｼﾞ057H,不問,100,大阪
